comment_density,completeness,conciseness,accuracy,overall_score,line_count,identifier,doc_type,level,num_files,,,,,,
1,0.342857143,0.993197279,0.517526233,0.713395164,193,acoupi/base.py,Human,file,,,,,,,
1,0.55,0.978142077,0.627353435,0.78887388,249,acoupi/data.py,Human,file,,,,,,,
0.946745562,0.4,1,0.561533451,0.727069753,36,acoupi/database.py,Human,file,,,,,,,
0.992555831,0.347058824,0.96503497,0.487588476,0.698059524,432,acoupi/parsers.py,Human,file,,,,,,,
1,0.45625,0.949640288,0.440756441,0.711661682,421,acoupi/test_saving_filters.py,Human,file,,,,,,,
0.72862943,0.414285714,0.965944272,0.45353765,0.640599267,724,adalflow/adal.py,Human,file,,,,,,,
1,0.373333333,1,0.401033476,0.693591702,415,adalflow/azureai_client.py,Human,file,,,,,,,
0.75456606,0.585185185,0.961414791,0.414921175,0.679021802,584,adalflow/base_data_class.py,Human,file,,,,,,,
0.615384615,0.46,1,0.428532866,0.62597937,249,adalflow/bedrock_client.py,Human,file,,,,,,,
1,0.326666667,0.927272727,0.421261119,0.66880013,323,adalflow/bm25_retriever.py,Human,file,,,,,,,
1,0.269230769,1,0.267958537,0.634297326,261,adalflow/bootstrap_optimizer.py,Human,file,,,,,,,
0.798771121,0.04137931,1,0.141062468,0.495303225,721,adalflow/build_multi_hop_rag.py,Human,file,,,,,,,
0.349154392,0.03333333,1,0.04999935,0.358121769,312,adalflow/build_vanilla_rag.py,Human,file,,,,,,,
0.683760684,0.28,1,0.28313376,0.561723611,114,adalflow/cohere_client.py,Human,file,,,,,,,
0.72666464,0.394736842,0.95389049,0.487441175,0.640683287,1047,adalflow/component.py,Human,file,,,,,,,
0.794750273,0.2969697,0.974358974,0.5845135,0.662648111,431,adalflow/container.py,Human,file,,,,,,,
0.143781452,0.05833333,0.936170213,0.08614716,0.306108039,109,adalflow/data.py,Human,file,,,,,,,
1,0.466666667,0.96296296,0.324299335,0.688482241,96,adalflow/data3456.py,Human,file,,,,,,,
1,0.53,0.976047904,0.43703944,0.735771836,306,adalflow/db.py,Human,file,,,,,,,
1,0.233333333,1,0.376492798,0.652456533,41,adalflow/dspy_count.py,Human,file,,,,,,,
1,0,1,0,0.5,216,adalflow/dspy_multi_hop_rag.py,Human,file,,,,,,,
1,0,1,0,0.5,215,adalflow/dspy_multi_hop_rag_cycle.py,Human,file,,,,,,,
0.67307692,0.1,1,0.540887415,0.578491085,165,adalflow/dspy_train_few_shot_boostrap.py,Human,file,,,,,,,
1,0,1,0,0.5,186,adalflow/dspy_vanilla_rag.py,Human,file,,,,,,,
0.703460109,0.8,1,0.31801633,0.70536911,277,adalflow/fever.py,Human,file,,,,,,,
0.514342235,0.457777778,0.95640327,0.523058256,0.612895385,1052,adalflow/functional.py,Human,file,,,,,,,
0.621854781,0.230769231,0.968253968,0.363306149,0.546046032,448,adalflow/func_tool.py,Human,file,,,,,,,
0.950686686,0.234210526,0.944134078,0.481357546,0.652597209,1180,adalflow/generator.py,Human,file,,,,,,,
0.356275304,0,1,0,0.339068826,106,adalflow/gradient.py,Human,file,,,,,,,
1,0.20625,0.957894737,0.492463917,0.664152163,516,adalflow/grad_component.py,Human,file,,,,,,,
0.794750273,0.428571429,0.888888889,0.212720623,0.581232803,218,adalflow/g_eval.py,Human,file,,,,,,,
0.775641026,0.8,1,0.296425978,0.718016751,251,adalflow/hotpotqa.py,Human,file,,,,,,,
0.640588081,0.35,0.8,0.352999419,0.535896875,296,adalflow/hotpot_qa.py,Human,file,,,,,,,
0.678451983,0.283333333,1,0.514979795,0.619191278,174,adalflow/lazy_import.py,Human,file,,,,,,,
0.945319741,0.76,1,0.489351022,0.798667691,170,adalflow/logger.py,Human,file,,,,,,,
0.808344198,0.9,1,0.25261791,0.740240527,63,adalflow/memory.py,Human,file,,,,,,,
0.624638519,0.3,0.956521739,0.55943203,0.610148072,271,adalflow/model.py,Human,file,,,,,,,
0.6998739,0.345454545,0.973333333,0.440295819,0.614739399,249,adalflow/ollama_client.py,Human,file,,,,,,,
1,0.489473684,1,0.460916472,0.737597539,488,adalflow/openai_client.py,Human,file,,,,,,,
0.407239819,0.54,1,0.564006925,0.627811686,111,adalflow/ops.py,Human,file,,,,,,,
0.806815335,0.144444444,1,0.384267485,0.583881816,312,adalflow/outputs.py,Human,file,,,,,,,
0.87113741,0.368965517,0.93559322,0.460831272,0.659131855,1465,adalflow/parameter.py,Human,file,,,,,,,
0.926138538,0.328571429,0.923076923,0.642936414,0.705180826,209,adalflow/postgres_retriever.py,Human,file,,,,,,,
1,0.39375,0.957894737,0.495945208,0.711897486,182,adalflow/prompt_builder.py,Human,file,,,,,,,
1,0.266666667,0.984732824,0.49308022,0.686119928,643,adalflow/react.py,Human,file,,,,,,,
0.755494505,0.457142857,0.980392157,0.445173514,0.659550758,118,adalflow/retriever.py,Human,file,,,,,,,
0.838023765,0.2625,0.982608696,0.585072397,0.667051214,259,adalflow/sampler.py,Human,file,,,,,,,
0.870445344,0.175,1,0.663725615,0.67729274,78,adalflow/test_parameter.py,Human,file,,,,,,,
1,0.175,0.942857143,0.379842132,0.624424819,191,adalflow/test_react_agent.py,Human,file,,,,,,,
0.976331361,0.13125,0.93548387,0.357893139,0.60023959,158,adalflow/test_tool.py,Human,file,,,,,,,
0.802336904,0.116666667,0.571428571,0.509042442,0.499868646,440,adalflow/text_loss_with_eval_fn.py,Human,file,,,,,,,
0.763221154,0.583333333,0.923404255,0.572165388,0.710531033,277,adalflow/text_splitter.py,Human,file,,,,,,,
1,0.184210526,1,0.32966124,0.628467941,571,adalflow/tgd_optimizer.py,Human,file,,,,,,,
0.369022869,0.09230769,0.942857143,0.509256065,0.478360942,315,adalflow/tools.py,Human,file,,,,,,,
0.42209073,0.12962963,0.95959596,0.390083308,0.475349907,412,adalflow/tool_manager.py,Human,file,,,,,,,
0.450281426,0.147826087,1,0.430156477,0.507065998,2114,adalflow/trainer.py,Human,file,,,,,,,
0.909322466,0.08,0.793650794,0.295586504,0.519639941,647,adalflow/transformers_client.py,Human,file,,,,,,,
0.135135135,0.0875,1,0.3076998,0.382583734,309,adalflow/trec_6_train.py,Human,file,,,,,,,
0.748766101,0.28,0.947368421,0.39440001,0.592633633,706,adalflow/types.py,Human,file,,,,,,,
1,0.466666667,0.96296296,0.437235691,0.71671633,136,adalflow/types2.py,Human,file,,,,,,,
1,0.266666667,0.661870504,0.344140518,0.56816942,278,amphion/ac.py,Human,file,,,,,,,
0.659340659,0.763636364,0.973333333,0.394622536,0.697733223,403,amphion/alignments.py,Human,file,,,,,,,
1,0.32,1,0.19525297,0.628813242,341,amphion/ar_model.py,Human,file,,,,,,,
1,0.369565217,0.943925234,0.462676296,0.694041687,985,amphion/asr_model.py,Human,file,,,,,,,
1,0.1375,0.976744186,0.366152068,0.620099064,383,amphion/attention.py,Human,file,,,,,,,
0.726495726,0.74,0.976744186,0.282564804,0.681451179,211,amphion/attention_15.py,Human,file,,,,,,,
0.577579417,0.871428571,0.973333333,0.310751068,0.683273097,281,amphion/attention_61.py,Human,file,,,,,,,
0.77558805,0.82,0.921568627,0.297337466,0.703623536,234,amphion/attention_88.py,Human,file,,,,,,,
1,0.283333333,0.974358974,0.41067472,0.667091756,833,amphion/audioldm.py,Human,file,,,,,,,
1,0.06,0.828571429,0.608969107,0.624385134,385,amphion/base_dataset.py,Human,file,,,,,,,
0.747663551,0.527272727,1,0.455678161,0.68265361,218,amphion/common.py,Human,file,,,,,,,
1,0.523076923,1,0.362299252,0.721344044,329,amphion/comosvc.py,Human,file,,,,,,,
1,0.291304348,0.945454545,0.33735644,0.643528833,593,amphion/content_extractor.py,Human,file,,,,,,,
0.408163265,0,1,0,0.352040816,218,amphion/controllable_inference.py,Human,file,,,,,,,
1,0.161111111,0.860869565,0.52982616,0.637951709,301,amphion/conv.py,Human,file,,,,,,,
0.898296335,0.85,0.947368421,0.394399554,0.772516077,145,amphion/convolution.py,Human,file,,,,,,,
1,0.566666667,0.947368421,0.385059267,0.724773589,164,amphion/convolution_85.py,Human,file,,,,,,,
0.907581627,0.85,0.947368421,0.392302066,0.774313029,136,amphion/convolution_93.py,Human,file,,,,,,,
1,0.233333333,1,0.581119448,0.703613195,159,amphion/csd.py,Human,file,,,,,,,
0.624303233,0.9625,0.986666667,0.262338808,0.708952177,141,amphion/ctc.py,Human,file,,,,,,,
1,0.6875,0.951807229,0.233105766,0.718103249,331,amphion/ctc_prefix_score.py,Human,file,,,,,,,
1,0.1875,0.947368421,0.35004199,0.621227603,377,amphion/dac.py,Human,file,,,,,,,
1,0.204166667,1,0.429114606,0.658320318,863,amphion/data.py,Human,file,,,,,,,
0.09375666,0.08947368,1,0.472118676,0.413837255,394,amphion/ddpm.py,Human,file,,,,,,,
0.84745763,0.85,0.947368421,0.2810027,0.731457187,121,amphion/decoder_layer.py,Human,file,,,,,,,
1,0.3,0,0,0.325,59,amphion/diffusion_wrapper.py,Human,file,,,,,,,
0.795755968,0.525,0.946666667,0.178625053,0.611511922,144,amphion/embedding.py,Human,file,,,,,,,
1,0.131818182,0.859259259,0.52982616,0.6302259,336,amphion/encodec.py,Human,file,,,,,,,
1,0.542857143,0.76119403,0.202611175,0.626665587,577,amphion/encoder.py,Human,file,,,,,,,
1,0.257142857,0.651162791,0.222677261,0.532745727,482,amphion/encoder_13.py,Human,file,,,,,,,
0.993446016,0.542857143,0.786666667,0.233090457,0.639015071,472,amphion/encoder_85.py,Human,file,,,,,,,
0.850202429,0.85,1,0.321456254,0.755414671,150,amphion/encoder_layer.py,Human,file,,,,,,,
0.815742397,0.85,0.976744186,0.302908555,0.73634878,214,amphion/encoder_layer_94.py,Human,file,,,,,,,
1,0.122222222,0.873786408,0.59213339,0.647035505,1023,amphion/facodec.py,Human,file,,,,,,,
1,0.2,1,0.481949717,0.67048743,246,amphion/factory.py,Human,file,,,,,,,
1,0.125,1,0.174034894,0.574758723,268,amphion/fmt_model.py,Human,file,,,,,,,
1,0.125,1,0.311713934,0.609178483,95,amphion/fvq.py,Human,file,,,,,,,
1,0.35,1,0.359263957,0.677315989,116,amphion/g2p.py,Human,file,,,,,,,
1,0.125,1,0.53281516,0.66445379,242,amphion/global_encoder.py,Human,file,,,,,,,
0.640538169,0.6625,0.95709571,0.52029833,0.69510805,535,amphion/hparam.py,Human,file,,,,,,,
0.640538169,0.6625,0.95709571,0.52029833,0.69510805,535,amphion/hparam_24.py,Human,file,,,,,,,
0.57103257,0.102631579,0.902912621,0.45985349,0.509107565,1157,amphion/htsat.py,Human,file,,,,,,,
1,0.35,0.842105263,0.427525103,0.65490759,122,amphion/hubert.py,Human,file,,,,,,,
1,0.14,1,0.07610495,0.554026238,110,amphion/japanese.py,Human,file,,,,,,,
1,0,0.862068966,0.44120272,0.57581792,761,amphion/japanese_55.py,Human,file,,,,,,,
1,0.08421053,1,0.46105063,0.636315289,534,amphion/jets.py,Human,file,,,,,,,
1,0.3,0,0,0.325,61,amphion/joint.py,Human,file,,,,,,,
0.87244401,0.256666667,0.949494949,0.41055806,0.622290922,833,amphion/karras_diffusion.py,Human,file,,,,,,,
0.530503979,0.85,0.828571429,0.435263842,0.661084812,91,amphion/label_smoothing_loss.py,Human,file,,,,,,,
1,0.35,0.947368421,0.239780674,0.634287274,280,amphion/librilight.py,Human,file,,,,,,,
1,0.175,0.925925926,0.501445748,0.65059292,536,amphion/llama_nar.py,Human,file,,,,,,,
1,0.14,1,0.502413332,0.660603333,303,amphion/llama_nar_27.py,Human,file,,,,,,,
0.714285714,0,1,0,0.428571429,258,amphion/lp_train.py,Human,file,,,,,,,
1,1,1,0.50439607,0.876099017,465,amphion/main.py,Human,file,,,,,,,
0.659340659,0.828571429,0.961165049,0.42344892,0.718131514,255,amphion/mask.py,Human,file,,,,,,,
1,0.342857143,0.894736842,0.365013023,0.650651752,235,amphion/mel.py,Human,file,,,,,,,
1,0.175,1,0.318758786,0.623439696,106,amphion/mert.py,Human,file,,,,,,,
1,0.04285714,1,0,0.510714286,181,amphion/model.py,Human,file,,,,,,,
1,0.09210526,0.952380952,0.432201794,0.619172002,884,amphion/modeling_llama.py,Human,file,,,,,,,
1,0.1,1,0.55889535,0.664723837,145,amphion/Models.py,Human,file,,,,,,,
1,0.113888889,0.890909091,0.506510377,0.627827089,802,amphion/model_91.py,Human,file,,,,,,,
0.882723834,0.233333333,0,0.445230007,0.390321794,65,amphion/model_summary.py,Human,file,,,,,,,
0.7347876,0.016666667,0.842105263,0.259428501,0.463247008,950,amphion/modules.py,Human,file,,,,,,,
0.580204778,0,1,0,0.395051195,343,amphion/mpd.py,Human,file,,,,,,,
0.749746707,0.05454545,1,0.54048078,0.586193236,1077,amphion/noro_model.py,Human,file,,,,,,,
0.99209202,0.09333333,1,0.411622584,0.624261984,455,amphion/noro_trainer.py,Human,file,,,,,,,
1,0.07692308,1,0.404650748,0.62039346,457,amphion/ns2_dataset.py,Human,file,,,,,,,
1,0.123529412,0.974358974,0.452375571,0.637565989,692,amphion/ns2_trainer.py,Human,file,,,,,,,
1,0.14,1,0.433446109,0.643361527,153,amphion/nus48e.py,Human,file,,,,,,,
1,0.278787879,0.974874372,0.347205959,0.650217052,988,amphion/openaimodel.py,Human,file,,,,,,,
1,0.14,1,0.477674991,0.654418748,144,amphion/opera.py,Human,file,,,,,,,
0.9173877,0.429411765,0.79245283,0.393785669,0.63325949,668,amphion/optimizers.py,Human,file,,,,,,,
0.831376882,0.159090909,0.942857143,0.312874979,0.56154998,594,amphion/pann_model.py,Human,file,,,,,,,
1,0.208,1,0.351719938,0.639929985,423,amphion/predictor.py,Human,file,,,,,,,
1,0.175,1,0.535655856,0.677663964,130,amphion/prefix_beam_search.py,Human,file,,,,,,,
0.95,0.045454545,0.846153846,0.536590874,0.594549816,639,amphion/quantize.py,Human,file,,,,,,,
0.858676208,0.444444444,0.893617021,0.376550891,0.643322141,222,amphion/quantize_16.py,Human,file,,,,,,,
1,0.11969697,0.800796813,0.547405844,0.616974907,1162,amphion/scaling.py,Human,file,,,,,,,
1,0.35,1,0.394456178,0.686114044,112,amphion/signal_to_noise_ratio.py,Human,file,,,,,,,
1,0.75,1,0.431583742,0.795395936,150,amphion/silero_vad.py,Human,file,,,,,,,
0.85106383,0.35,0.968253968,0.44583614,0.653788485,95,amphion/snake.py,Human,file,,,,,,,
1,0,1,0,0.5,72,amphion/SubLayers.py,Human,file,,,,,,,
0.576923077,0.7,1,0.242079116,0.629750548,65,amphion/subsampling.py,Human,file,,,,,,,
0.813609467,0.56,0.97802198,0.251736017,0.650841866,216,amphion/subsampling_48.py,Human,file,,,,,,,
1,0,0.96296296,0,0.490740741,279,amphion/subsampling_91.py,Human,file,,,,,,,
1,0.172222222,1,0.445965302,0.654546881,497,amphion/svc_dataset.py,Human,file,,,,,,,
1,0.24,1,0.42130819,0.665327047,167,amphion/tokenizer.py,Human,file,,,,,,,
1,0.666666667,0.97979798,0.489563011,0.784006914,264,amphion/tool.py,Human,file,,,,,,,
0.593792173,0.85,0.909090909,0.633395493,0.746569644,56,amphion/topk_sampling.py,Human,file,,,,,,,
1,0.14,0.742857143,0.339261297,0.55552961,766,amphion/train.py,Human,file,,,,,,,
1,0.031578947,0.63157895,0.423869818,0.521756928,425,amphion/transformers.py,Human,file,,,,,,,
0.428571429,0.04666667,0,0.433654726,0.227223205,527,amphion/try_inference_small_samples.py,Human,file,,,,,,,
1,0.02727273,0.909090909,0,0.484090909,327,amphion/tts_dataset.py,Human,file,,,,,,,
1,0.4,1,0.475206456,0.71880161,312,amphion/utils.py,Human,file,,,,,,,
1,0.2,1,0.545778155,0.686444539,327,amphion/valle_ar_trainer.py,Human,file,,,,,,,
1,0.0625,1,0.404650748,0.616787687,244,amphion/valle_dataset.py,Human,file,,,,,,,
0.807969009,0.466666667,1,0.47826126,0.688224235,150,amphion/valle_inference.py,Human,file,,,,,,,
1,0.28,1,0.53092941,0.702732352,681,amphion/valle_nar.py,Human,file,,,,,,,
1,0.02608696,1,0,0.506521739,322,amphion/vector_quantize.py,Human,file,,,,,,,
0.751565762,0.05,1,0.441630661,0.560799106,516,amphion/vevo_repcodec.py,Human,file,,,,,,,
1,0.120833333,1,0.267527729,0.59709027,530,amphion/vevo_utils.py,Human,file,,,,,,,
0.611620795,0,1,0,0.402905199,339,amphion/vits.py,Human,file,,,,,,,
1,0.14,1,0.356313546,0.624078387,371,amphion/vits_trainer.py,Human,file,,,,,,,
1,0.241176471,0.982857143,0.299580421,0.63090351,762,amphion/vocos.py,Human,file,,,,,,,
1,0.241176471,0.982857143,0.299580421,0.63090351,732,amphion/vocos_75.py,Human,file,,,,,,,
1,0.06363636,1,0.505108714,0.642186269,152,amphion/wavenet.py,Human,file,,,,,,,
1,0.7,0.976744186,0.402202358,0.769736636,105,amphion/whisper_transcription.py,Human,file,,,,,,,
1,0.0875,1,0.313928753,0.600357188,142,amphion/world.py,Human,file,,,,,,,
1,0.116666667,1,0.313928753,0.607648855,70,amphion/world_52.py,Human,file,,,,,,,
1,0.233333333,1,0.241592377,0.618731428,167,amphion/__init__.py,Human,file,,,,,,,
1,0,1,0,0.5,107,amplifier/Amplifier.py,Human,file,,,,,,,
1,0.566666667,0.933333333,0.349114299,0.712278575,145,amplifier/dtw_metric.py,Human,file,,,,,,,
1,0.466666667,1,0.339363828,0.701507624,226,asid/dataloader_DF2K_memory.py,Human,file,,,,,,,
1,0,1,0,0.5,414,asid/IDSA.py,Human,file,,,,,,,
1,0.285714286,0.947368421,0.365470842,0.649638387,109,asid/sss_optimizer.py,Human,file,,,,,,,
0.703296703,0.77,0.93495935,0.484173425,0.723107369,209,asid/utilities.py,Human,file,,,,,,,
1,0.35,1,0.437382877,0.696845719,149,binADNI/02_mcnemar.py,Human,file,,,,,,,
1,0.475,1,0.390457392,0.716364348,162,c_smth/autosummary.py,Human,file,,,,,,,
1,0.323529412,0.988505747,0.384900782,0.674233985,183,c_smth/bases.py,Human,file,,,,,,,
0.512820513,0.3,0.971428571,0.450573166,0.558705563,176,c_smth/bias_act.py,Human,file,,,,,,,
1,0.233333333,1,0.39514929,0.657120656,158,c_smth/calc_metrics.py,Human,file,,,,,,,
1,0.342857143,1,0.299698472,0.660638904,173,c_smth/clip.py,Human,file,,,,,,,
1,0.05185185,1,0.375136271,0.606747031,470,c_smth/conformalmil.py,Human,file,,,,,,,
0.562571757,0.566666667,1,0.501281381,0.657629951,133,c_smth/conv2d_resample.py,Human,file,,,,,,,
0.875912409,0.35,1,0.457224354,0.670784191,268,c_smth/convert_tf_to_pytorch.py,Human,file,,,,,,,
1,0,1,0,0.5,269,c_smth/cuhk03.py,Human,file,,,,,,,
1,0.03043478,0.823529412,0.360203415,0.5535419,363,c_smth/dataset_tool.py,Human,file,,,,,,,
1,0.388888889,0.923076923,0.483657318,0.698905783,160,c_smth/defense.py,Human,file,,,,,,,
0.64102564,0.639393939,0.95532646,0.424334757,0.665020199,472,c_smth/file_io.py,Human,file,,,,,,,
1,0.525,1,0.534058849,0.764764712,201,c_smth/file_utils.py,Human,file,,,,,,,
1,0.637931034,0.952727273,0.42816032,0.754704657,912,c_smth/gaussian_diffusion.py,Human,file,,,,,,,
1,0.55,1,0.51418072,0.76604518,105,c_smth/generate.py,Human,file,,,,,,,
1,0.42,0.980392157,0.598566175,0.749739583,147,c_smth/grid.py,Human,file,,,,,,,
1,0.4,1,0.290995836,0.672748959,117,c_smth/hyper_sub_multi.py,Human,file,,,,,,,
1,0,1,0,0.5,112,c_smth/market1501.py,Human,file,,,,,,,
1,0.1,1,0.338158041,0.60953951,111,c_smth/metrics.py,Human,file,,,,,,,
1,0.27,0.947368421,0.506463687,0.680958027,467,c_smth/metrics_41.py,Human,file,,,,,,,
1,0,0.909090909,0,0.477272727,155,c_smth/metric_learning.py,Human,file,,,,,,,
1,0,0.903225806,0,0.475806452,300,c_smth/model.py,Human,file,,,,,,,
0.78231293,0.35,1,0.351109557,0.620855621,291,c_smth/models.py,Human,file,,,,,,,
1,0.025,0.739130435,0.705012202,0.617285659,370,c_smth/model_89.py,Human,file,,,,,,,
0.92077759,0.411538462,0.956653992,0.514135305,0.700776338,1508,c_smth/modules.py,Human,file,,,,,,,
1,0.7,1,0.14427312,0.71106828,81,c_smth/modules_72.py,Human,file,,,,,,,
1,0,1,0,0.5,98,c_smth/msmt17.py,Human,file,,,,,,,
1,0.4,1,0.502188846,0.725547212,51,c_smth/multirun.py,Human,file,,,,,,,
0.997412374,0.41509434,0.932944606,0.462113861,0.701891295,649,c_smth/network.py,Human,file,,,,,,,
1,0.321428571,0.981981982,0.538335204,0.71043644,318,c_smth/optimizer.py,Human,file,,,,,,,
0.97826087,0.4,0.869565217,0.521825224,0.692412828,88,c_smth/opt_prompt_eval.py,Human,file,,,,,,,
0.461538462,0.408333333,0.915662651,0.411839366,0.54934345,205,c_smth/persistence.py,Human,file,,,,,,,
1,0.07368421,0.903225806,0.432179868,0.602272471,310,c_smth/PixArt.py,Human,file,,,,,,,
1,0.4,1,0.334961839,0.68374046,47,c_smth/problem_def.py,Human,file,,,,,,,
1,0.4,1,0.383968264,0.695992066,53,c_smth/problem_def_15.py,Human,file,,,,,,,
1,0.4,1,0.362309009,0.690577252,42,c_smth/problem_def_18.py,Human,file,,,,,,,
1,0.4,1,0.415913597,0.703978399,37,c_smth/problem_def_19.py,Human,file,,,,,,,
1,0.4,1,0.338734046,0.684683511,67,c_smth/problem_def_24.py,Human,file,,,,,,,
1,0.4,1,0.302466564,0.675616641,48,c_smth/problem_def_35.py,Human,file,,,,,,,
1,0.4,1,0.334961839,0.68374046,47,c_smth/problem_def_42.py,Human,file,,,,,,,
1,0.4,1,0.360202581,0.69005065,32,c_smth/problem_def_44.py,Human,file,,,,,,,
1,0.4,1,0.411025017,0.702756254,37,c_smth/problem_def_48.py,Human,file,,,,,,,
1,0.4,1,0.418994457,0.704748614,37,c_smth/problem_def_52.py,Human,file,,,,,,,
1,0.4,1,0.335821569,0.683955392,42,c_smth/problem_def_56.py,Human,file,,,,,,,
1,0.4,1,0.373138607,0.693284652,60,c_smth/problem_def_62.py,Human,file,,,,,,,
1,0.4,1,0.365756601,0.69143915,41,c_smth/problem_def_68.py,Human,file,,,,,,,
1,0.4,1,0.393966913,0.698491728,43,c_smth/problem_def_70.py,Human,file,,,,,,,
1,0.4,1,0.348330319,0.68708258,64,c_smth/problem_def_75.py,Human,file,,,,,,,
1,0.266666667,1,0.437802389,0.676117264,38,c_smth/problem_def_88.py,Human,file,,,,,,,
1,0.4,1,0.389003322,0.69725083,37,c_smth/problem_def_89.py,Human,file,,,,,,,
1,0.233333333,1,0.407992005,0.660331335,178,c_smth/projector.py,Human,file,,,,,,,
1,0.106060606,1,0.348896706,0.613739328,1245,c_smth/reconstruction_algorithms.py,Human,file,,,,,,,
0.741758242,0.08,0.888888889,0.555706382,0.566588378,57,c_smth/registry.py,Human,file,,,,,,,
1,0.233333333,1,0.510798097,0.686032857,419,c_smth/run_rec.py,Human,file,,,,,,,
1,0.55,1,0.433463216,0.745865804,97,c_smth/style_mixing.py,Human,file,,,,,,,
1,0.44,0.952095808,0.530228585,0.7305811,199,c_smth/tfutil.py,Human,file,,,,,,,
0.08429926,0.175,1,0.207644835,0.366736024,449,c_smth/train.py,Human,file,,,,,,,
0.669196275,0.692307692,0.810810811,0.442438617,0.653688349,226,c_smth/training_stats.py,Human,file,,,,,,,
1,0.271428571,1,0.412221193,0.670912441,99,c_smth/triplet_loss.py,Human,file,,,,,,,
0.925925926,0.492307692,0.955555556,0.419931769,0.698430236,327,c_smth/upfirdn2d.py,Human,file,,,,,,,
1,0.271428571,0.964071856,0.54228185,0.69444557,370,c_smth/util.py,Human,file,,,,,,,
1,0.4,1,0.484605601,0.7211514,168,c_smth/utils.py,Human,file,,,,,,,
0.769230769,0.02692308,0.777777778,0.441443682,0.503843826,252,c_smth/vision_transformer.py,Human,file,,,,,,,
1,0.2,0.903225806,0.270861311,0.593521779,680,d_f_g_smth/agent.py,Human,file,,,,,,,
1,0.25,1,0.21724253,0.616810633,231,d_f_g_smth/agent_base.py,Human,file,,,,,,,
0.414961186,0.828571429,0.883116883,0.380469897,0.626779849,552,d_f_g_smth/bleu.py,Human,file,,,,,,,
1,0.344444444,1,0.485012591,0.707364259,115,d_f_g_smth/common.py,Human,file,,,,,,,
1,0.07,0.909090909,0.642221004,0.655327978,495,d_f_g_smth/dataset.py,Human,file,,,,,,,
0.388448761,0.06,0,0,0.11211219,302,d_f_g_smth/DIST_train.py,Human,file,,,,,,,
0.528710726,0.315,0.947826087,0.443192273,0.558682272,361,d_f_g_smth/env.py,Human,file,,,,,,,
0.03150433,0.07777778,1,0.155858427,0.316285134,299,d_f_g_smth/generate.py,Human,file,,,,,,,
1,0.0375,0,0,0.259375,150,d_f_g_smth/graph_utils.py,Human,file,,,,,,,
1,0.0875,1,0.598587632,0.67152191,202,d_f_g_smth/main.py,Human,file,,,,,,,
0.47942755,0.408333333,0.915662651,0.411801526,0.553806265,210,d_f_g_smth/persistence.py,Human,file,,,,,,,
0.38961039,0.05384615,1,0.400188565,0.460911277,324,d_f_g_smth/pretrain_cmt.py,Human,file,,,,,,,
1,0.03888889,0.851851852,0.456760645,0.586875346,252,d_f_g_smth/score_training.py,Human,file,,,,,,,
1,0.07,1,0.24699983,0.57924996,357,d_f_g_smth/tasks.py,Human,file,,,,,,,
0.103550296,0.35,1,0.186681628,0.410057981,207,d_f_g_smth/train.py,Human,file,,,,,,,
0.67008547,0.692307692,0.810810811,0.442438617,0.653910648,228,d_f_g_smth/training_stats.py,Human,file,,,,,,,
1,0.275862069,0.96,0.5442687,0.695032692,381,d_f_g_smth/util.py,Human,file,,,,,,,
0.376411543,0.01129032,0,0.576192141,0.240973502,818,d_f_g_smth/utils.py,Human,file,,,,,,,
0.759124088,0.025454545,0.869565217,0.584549576,0.559673357,713,d_f_g_smth/vilmodel.py,Human,file,,,,,,,
0.857632933,0.02745098,0.869565217,0.584549576,0.584799677,610,d_f_g_smth/vilmodel_48.py,Human,file,,,,,,,
0.476621418,0.773333333,0.888372093,0.371825863,0.627538177,517,d_f_g_smth/weighted_ngram_match.py,Human,file,,,,,,,
1,0.833333333,0.914285714,0.36832698,0.77898651,309,h_i_j_k_l_smth/args_model.py,Human,file,,,,,,,
1,0.08214286,0.789473684,0.231387675,0.525751054,333,h_i_j_k_l_smth/base_accumulation.py,Human,file,,,,,,,
1,0.07222222,1,0.286186755,0.589602244,319,h_i_j_k_l_smth/base_torch_accumulation.py,Human,file,,,,,,,
0.924805532,0.7,0.92,0.358748224,0.725888439,153,h_i_j_k_l_smth/BasicConfigCreator.py,Human,file,,,,,,,
0.93970894,0.7,0.92,0.35892538,0.729658579,158,h_i_j_k_l_smth/BasicConfigCreator_FA.py,Human,file,,,,,,,
0.93970894,0.7,0.92,0.357774668,0.729370902,158,h_i_j_k_l_smth/BasicConfigCreator_FA_Laplace.py,Human,file,,,,,,,
0.93970894,0.7,0.92,0.358181248,0.729472547,158,h_i_j_k_l_smth/BasicConfigCreator_FA_LaplaceZ.py,Human,file,,,,,,,
0.911680912,0.7,0.92,0.364556332,0.724059311,157,h_i_j_k_l_smth/BasicConfigCreator_GMM_diagonal.py,Human,file,,,,,,,
0.91824406,0.7,0.92,0.365171774,0.72585396,159,h_i_j_k_l_smth/BasicConfigCreator_GMM_diagonal_MultiChain.py,Human,file,,,,,,,
0.911680912,0.7,0.92,0.367747698,0.724857152,157,h_i_j_k_l_smth/BasicConfigCreator_GMM_diagonal_sequence.py,Human,file,,,,,,,
0.904977376,0.7,0.92,0.364144557,0.722280483,155,h_i_j_k_l_smth/BasicConfigCreator_GMM_shperical.py,Human,file,,,,,,,
0.877926421,0.7,0.92,0.380684214,0.719652659,150,h_i_j_k_l_smth/BasicConfigCreator_GMM_univariate.py,Human,file,,,,,,,
0.937885644,0.7,0.92,0.35644235,0.728581999,159,h_i_j_k_l_smth/BasicConfigCreator_LDA.py,Human,file,,,,,,,
0.811783961,0.972727273,0.879518072,0.539640237,0.80091739,241,h_i_j_k_l_smth/BasicMetrics.py,Human,file,,,,,,,
1,0.152,1,0.594535089,0.686633772,495,h_i_j_k_l_smth/bootstrapnas_utils.py,Human,file,,,,,,,
1,0.128571429,0.859903382,0.44039119,0.607216499,542,h_i_j_k_l_smth/callbacks.py,Human,file,,,,,,,
0.900562852,0.533333333,1,0.142548233,0.644111105,125,h_i_j_k_l_smth/chilldays.py,Human,file,,,,,,,
1,0.64,0.970149254,0.491716001,0.775466314,218,h_i_j_k_l_smth/CompareModelToGT.py,Human,file,,,,,,,
1,0.35,0.8,0.57033217,0.680083042,118,h_i_j_k_l_smth/crop_face.py,Human,file,,,,,,,
1,0.14,0.947368421,0.445802659,0.63329277,241,h_i_j_k_l_smth/custom_llama_attention.py,Human,file,,,,,,,
1,0.14,1,0.44038403,0.645096008,57,h_i_j_k_l_smth/dataloader.py,Human,file,,,,,,,
1,0.14,1,0.44038403,0.645096008,51,h_i_j_k_l_smth/dataloader_seq.py,Human,file,,,,,,,
1,0.583333333,0.923076923,0.338047999,0.711114564,321,h_i_j_k_l_smth/dataproc.py,Human,file,,,,,,,
1,0.06578947,0.8,0.573562153,0.609837907,370,h_i_j_k_l_smth/dataset.py,Human,file,,,,,,,
1,0.125,1,0.296379179,0.60534479,155,h_i_j_k_l_smth/dataset_torch.py,Human,file,,,,,,,
0.782726046,0.59,0.962616822,0.45127557,0.69665461,333,h_i_j_k_l_smth/diagnostics.py,Human,file,,,,,,,
1,0.5,1,0.344821692,0.711205423,94,h_i_j_k_l_smth/ece_evaluator.py,Human,file,,,,,,,
0.99612618,0.9,0.949152542,0.50402233,0.837325262,273,h_i_j_k_l_smth/edit_tensors.py,Human,file,,,,,,,
0.565952504,0.94693878,0.92776524,0.44374039,0.721099227,2381,h_i_j_k_l_smth/edit_volumes.py,Human,file,,,,,,,
1,0.1,1,0.31258571,0.603146428,100,h_i_j_k_l_smth/era5.py,Human,file,,,,,,,
1,0.568421053,0.945578231,0.433511825,0.736877777,499,h_i_j_k_l_smth/Evaluate.py,Human,file,,,,,,,
0.95467033,0.116666667,1,0.51357925,0.646229061,480,h_i_j_k_l_smth/evaluation.py,Human,file,,,,,,,
1,0.07777778,1,0.04203939,0.529954293,420,h_i_j_k_l_smth/evaluator.py,Human,file,,,,,,,
0.905494505,0.7,0.92,0.376228342,0.72543071,149,h_i_j_k_l_smth/FastConfigCreator.py,Human,file,,,,,,,
0.883575884,0.7,0.93220339,0.41897088,0.733687538,121,h_i_j_k_l_smth/FastConfigCreatorLocal.py,Human,file,,,,,,,
1,0.495238095,0.883040936,0.396941547,0.69380514,870,h_i_j_k_l_smth/generators.py,Human,file,,,,,,,
1,0.6,0.96296296,0.38876165,0.737931153,90,h_i_j_k_l_smth/GetDataOpenML.py,Human,file,,,,,,,
0.612244898,0.025925926,1,0.435405761,0.51839415,438,h_i_j_k_l_smth/hamos_trainer.py,Human,file,,,,,,,
0.653846154,0.771428571,0.945454545,0.490289211,0.715254621,158,h_i_j_k_l_smth/iniparse.py,Human,file,,,,,,,
1,0,0.88030888,0,0.47007722,1417,h_i_j_k_l_smth/layers.py,Human,file,,,,,,,
0.985289611,0.06206897,0.810909091,0.503323267,0.590397734,972,h_i_j_k_l_smth/layers_13.py,Human,file,,,,,,,
1,0.06538462,1,0.493683934,0.639767137,450,h_i_j_k_l_smth/llm_pipeline.py,LLM,file,,,,,,,
0.953787096,0.41875,0.980392157,0.389686829,0.68565402,561,h_i_j_k_l_smth/maps.py,Human,file,,,,,,,
0.747623163,0.422222222,0.889570552,0.448902576,0.627079628,353,h_i_j_k_l_smth/metrics.py,Human,file,,,,,,,
1,0.4,0.95959596,0.448376503,0.701993116,881,h_i_j_k_l_smth/models.py,Human,file,,,,,,,
0.07566204,0.05,0,0,0.031415511,306,h_i_j_k_l_smth/mos_evaluator.py,Human,file,,,,,,,
0.658119658,0.726315789,0.945578231,0.440583681,0.69264934,358,h_i_j_k_l_smth/ndutils.py,Human,file,,,,,,,
0.555555556,0.17,1,0.399392009,0.531236891,251,h_i_j_k_l_smth/ood_evaluator.py,Human,file,,,,,,,
1,0.058823529,0.789473684,0.519332588,0.59190745,123,h_i_j_k_l_smth/param_v3.py,Human,file,,,,,,,
0.699300699,0.871428571,0.873417722,0.550571646,0.74867966,371,h_i_j_k_l_smth/patchlib.py,Human,file,,,,,,,
0.786324786,0.7,1,0.181775615,0.6670251,37,h_i_j_k_l_smth/photoperiod.py,Human,file,,,,,,,
1,0.583333333,0.974358974,0.447366923,0.751264808,247,h_i_j_k_l_smth/plot.py,Human,file,,,,,,,
1,0.35,1,0.51196748,0.71549187,110,h_i_j_k_l_smth/Plot_26.py,Human,file,,,,,,,
0.924000924,0.84,0.96842105,0.49200058,0.806105639,330,h_i_j_k_l_smth/PreprocessDataset.py,Human,file,,,,,,,
0.859885349,0.495652174,0.810810811,0.450482475,0.654207702,1152,h_i_j_k_l_smth/proximal.py,Human,file,,,,,,,
0.87209302,0.1,1,0.561933637,0.633506665,171,h_i_j_k_l_smth/prune_mpt.py,Human,file,,,,,,,
0.919117647,0.557575758,0.968586387,0.320117455,0.691349312,547,h_i_j_k_l_smth/pytorch.py,Human,file,,,,,,,
0.881496881,0.346153846,0.89655172,0.434368586,0.639642759,182,h_i_j_k_l_smth/pytorch_readout.py,Human,file,,,,,,,
0.703517588,0.06363636,0,0.742727399,0.377470338,196,h_i_j_k_l_smth/resnet18_256x256.py,Human,file,,,,,,,
1,0.67,1,0.302052446,0.743013112,450,h_i_j_k_l_smth/RunExperiments_LFM_OOD.py,Human,file,,,,,,,
0.221571906,0.672727273,1,0.304861016,0.54979005,389,h_i_j_k_l_smth/RunExperiments_LM.py,Human,file,,,,,,,
0.23363456,0.672727273,1,0.305747048,0.55302722,370,h_i_j_k_l_smth/RunExperiments_LM_MLP.py,Human,file,,,,,,,
0.959692898,0.03333333,1,0,0.498256558,574,h_i_j_k_l_smth/run_commonsense.py,Human,file,,,,,,,
0.994371482,0.09333333,1,0,0.521926204,581,h_i_j_k_l_smth/run_commonsense_32.py,Human,file,,,,,,,
1,0,1,0,0.5,712,h_i_j_k_l_smth/run_glue.py,Human,file,,,,,,,
0.937935304,0.0625,1,0,0.500108826,546,h_i_j_k_l_smth/run_gsm8k.py,Human,file,,,,,,,
1,0.028571429,1,0,0.507142857,600,h_i_j_k_l_smth/run_math.py,Human,file,,,,,,,
1,0.0875,1,0,0.521875,583,h_i_j_k_l_smth/run_math_46.py,Human,file,,,,,,,
1,0.03684211,1,0.401948899,0.609697751,284,h_i_j_k_l_smth/sparse_linear.py,Human,file,,,,,,,
1,0.742857143,0.985074627,0.412884376,0.785204036,203,h_i_j_k_l_smth/sqft_linear.py,Human,file,,,,,,,
1,0.742857143,0.985074627,0.404636711,0.78314212,186,h_i_j_k_l_smth/sqft_qa_linear.py,Human,file,,,,,,,
1,0.7,1,0.50149335,0.80037334,47,h_i_j_k_l_smth/test_gen_data.py,Human,file,,,,,,,
0.824742268,0.293548387,0.976377953,0.366770233,0.61535971,1151,h_i_j_k_l_smth/test_proximal.py,Human,file,,,,,,,
1,0,0.142857143,0,0.285714286,345,h_i_j_k_l_smth/torch_phenology.py,Human,file,,,,,,,
1,0.445454545,1,0.381513132,0.706741919,223,h_i_j_k_l_smth/utils.py,Human,file,,,,,,,
0.806557857,0.702777778,0.825352113,0.509971785,0.711164883,1032,h_i_j_k_l_smth/utils_28.py,Human,file,,,,,,,
1,0.6,1,0.480484204,0.770121051,281,h_i_j_k_l_smth/utils_71.py,Human,file,,,,,,,
0.915711057,0.74,0.958199357,0.480093082,0.773500874,913,h_i_j_k_l_smth/utils_79.py,Human,file,,,,,,,
1,0.188461538,1,0.371231637,0.639923294,382,h_i_j_k_l_smth/utils_99.py,Human,file,,,,,,,
1,0.7,0.848101266,0.54152856,0.772407457,364,h_i_j_k_l_smth/vae_tools.py,Human,file,,,,,,,
0.840336134,0.8,0.903225806,0.401603321,0.736291316,235,h_i_j_k_l_smth/validate.py,Human,file,,,,,,,
0.960174577,0.6125,0.963636364,0.431714692,0.74200641,131,h_i_j_k_l_smth/videoLoader.py,Human,file,,,,,,,
1,0.08571429,0.925925926,0.133935198,0.536393852,307,h_i_j_k_l_smth/xception.py,Human,file,,,,,,,
1,0.3,0.949152542,0.624045258,0.71829945,275,m_smth/acqoptimize.py,Human,file,,,,,,,
1,0.6,0.963927856,0.467202405,0.757782565,1002,m_smth/acquisition.py,Human,file,,,,,,,
1,0.211111111,0.914285714,0.472600281,0.649499277,364,m_smth/albef_vqa.py,Human,file,,,,,,,
0.964172813,0.666666667,0.962063733,0.50259281,0.773874006,570,m_smth/algorithms.py,Human,file,,,,,,,
1,0.075,0,0,0.26875,174,m_smth/alpro_processors.py,Human,file,,,,,,,
0.209230769,0.14,1,0.525867581,0.468774588,140,m_smth/api.py,Human,file,,,,,,,
1,0.166666667,0.974683544,0.636852831,0.69455076,214,m_smth/base_model.py,Human,file,,,,,,,
1,0.113333333,1,0.470902443,0.646058944,235,m_smth/base_task.py,Human,file,,,,,,,
1,0.775,0.879120879,0.33796004,0.74802023,474,m_smth/BasicFA.py,Human,file,,,,,,,
1,0.7,0.88372093,0.338363111,0.73052101,233,m_smth/BasicFA_30.py,Human,file,,,,,,,
1,0.255555556,0.869565217,0.409442246,0.633640755,464,m_smth/blip2_qformer.py,Human,file,,,,,,,
0.553108676,0.06176471,1,0.350321084,0.491298616,826,m_smth/blip_diffusion.py,Human,file,,,,,,,
1,0,1,0,0.5,174,m_smth/blip_image_text_matching.py,Human,file,,,,,,,
1,0.12,1,0,0.53,330,m_smth/blip_pretrain.py,Human,file,,,,,,,
1,0.2375,0.914285714,0.458224416,0.65250253,311,m_smth/blip_vqa.py,Human,file,,,,,,,
1,0.40625,1,0.121304356,0.631888589,250,m_smth/blocks.py,Human,file,,,,,,,
1,0.141666667,0.981818182,0.402631313,0.63152904,315,m_smth/cgnet.py,Human,file,,,,,,,
0.837209302,0,1,0,0.459302326,209,m_smth/clip_vit.py,Human,file,,,,,,,
0.62193126,0.846153846,0.965517241,0.543161698,0.744191012,237,m_smth/colorspace.py,Human,file,,,,,,,
0.913204443,0.79,0.913043478,0.550056744,0.791576166,584,m_smth/common.py,Human,file,,,,,,,
1,0,1,0,0.5,109,m_smth/context_block.py,Human,file,,,,,,,
0.558510638,0.025,1,0.334242433,0.479438268,383,m_smth/control_util.py,Human,file,,,,,,,
0.668016194,0.86,0.971428571,0.545833245,0.761319503,76,m_smth/Couplings.py,Human,file,,,,,,,
0.44534413,0,1,0,0.361336032,38,m_smth/default_constructor.py,Human,file,,,,,,,
0.826210826,0.2,0.766990291,0.391157538,0.546089664,216,m_smth/default_constructor_51.py,Human,file,,,,,,,
0.951760104,0.08333333,0.846153846,0.362505078,0.560938091,353,m_smth/deform_conv.py,Human,file,,,,,,,
1,0.473684211,0.99099099,0.393533071,0.714552068,294,m_smth/dijkstra.py,Human,file,,,,,,,
0.816326531,0.28,0.971428571,0.499736816,0.641872979,49,m_smth/drop.py,Human,file,,,,,,,
0.246153846,0,1,0,0.311538462,25,m_smth/drop_98.py,Human,file,,,,,,,
0.977835724,0.381818182,0.845528455,0.300391978,0.626393585,237,m_smth/env.py,Human,file,,,,,,,
1,0.283333333,1,0.335969046,0.654825595,163,m_smth/epoch_based_runner.py,Human,file,,,,,,,
1,0.08444444,1,0.09586269,0.54507678,479,m_smth/es.py,Human,file,,,,,,,
1,0.025,1,0.717198014,0.685549504,383,m_smth/eva_vit.py,Human,file,,,,,,,
1,0.159090909,0.796116505,0.465107328,0.605078685,270,m_smth/features.py,Human,file,,,,,,,
0.76097722,0.56774194,0.951762523,0.471800925,0.688070651,932,m_smth/file_client.py,Human,file,,,,,,,
0.97233328,0.24375,0.97037037,0.465313964,0.662941904,482,m_smth/flops_counter.py,Human,file,,,,,,,
0.886048049,0.515789474,0.97382199,0.468340364,0.710999969,350,m_smth/fp16_utils.py,Human,file,,,,,,,
0.635285113,0.125,0.895522388,0.598234117,0.5635104,201,m_smth/fused_bias_leakyrelu.py,Human,file,,,,,,,
0.947902953,0.3,0.894736842,0.37737455,0.630003586,417,m_smth/gaussian_mlp.py,Human,file,,,,,,,
1,0.515384615,0.903614458,0.317264536,0.684065902,467,m_smth/GenerateDataCurriculum.py,Human,file,,,,,,,
0.92307692,0.35,0.933333333,0.648395777,0.713701508,91,m_smth/GenerateDataLM_BimodelPrior.py,Human,file,,,,,,,
0.93560933,0.421621622,0.830188679,0.531855436,0.679818768,659,m_smth/GenerateDataLM_Examples.py,Human,file,,,,,,,
0.997150997,0.5,0.933333333,0.557003975,0.746872076,99,m_smth/GenerateDataLM_ExamplesIntercept.py,Human,file,,,,,,,
0.948071536,0.4625,0.901408451,0.53834048,0.712580116,330,m_smth/GenerateDataLM_ExamplesSparsity.py,Human,file,,,,,,,
0.918484501,0.425,0.914285714,0.61346282,0.717808259,189,m_smth/GenerateDataLM_SkewedPrior.py,Human,file,,,,,,,
0.966261808,0.45,0.909090909,0.542007744,0.716840115,260,m_smth/GenerateDataLM_TargetDist.py,Human,file,,,,,,,
0.91007584,0.5,0.906666667,0.519121237,0.708965936,325,m_smth/GenerateDataLM_TransformedLatentDist.py,Human,file,,,,,,,
0.967741935,0.5,0.914285714,0.555581391,0.73440226,173,m_smth/GenerateData_LogReg.py,Human,file,,,,,,,
0.989010989,0.85,0.93220339,0.413302949,0.796129332,210,m_smth/GenerateX.py,Human,file,,,,,,,
1,0.425,1,0.310123205,0.683780801,119,m_smth/GenerateX_to_save.py,Human,file,,,,,,,
1,0.721428571,0.878504673,0.356846892,0.739195034,460,m_smth/GMMs.py,Human,file,,,,,,,
1,0.661538462,0.981981982,0.493398428,0.78422972,239,m_smth/gpflow_gp.py,Human,file,,,,,,,
1,0.633962264,0.932084309,0.524150259,0.772549208,615,m_smth/gpfs_gp.py,Human,file,,,,,,,
1,0.672,0.945812808,0.554657152,0.79311749,245,m_smth/gp_utils.py,Human,file,,,,,,,
1,0.13125,0.923076923,0.61645027,0.667694298,139,m_smth/graph.py,Human,file,,,,,,,
1,0.163636364,0.8,0,0.490909091,521,m_smth/img2prompt_vqa.py,Human,file,,,,,,,
0.833333333,0.85,1,0.351201445,0.758633695,118,m_smth/inference.py,Human,file,,,,,,,
0.92307692,0.42,0.885714286,0.447011421,0.668950657,126,m_smth/io.py,Human,file,,,,,,,
1,0.683333333,1,0.432324982,0.778914579,224,m_smth/io_30.py,Human,file,,,,,,,
1,0.343333333,0.95104895,0.507160606,0.700385723,268,m_smth/io_93.py,Human,file,,,,,,,
1,0.34,0.936170213,0.438044019,0.678553558,240,m_smth/iter_based_runner.py,Human,file,,,,,,,
0.58974359,0.15,1,0,0.434935897,60,m_smth/knn.py,Human,file,,,,,,,
1,0.35,0.571428571,0.668334723,0.647440823,51,m_smth/LDA.py,Human,file,,,,,,,
1,0.35,0.63157895,0.74476254,0.681585372,144,m_smth/LDA_NumPyro.py,Human,file,,,,,,,
1,0.105263158,0.903225806,0.481571183,0.622515037,184,m_smth/logger.py,Human,file,,,,,,,
0.794205794,0.764705882,0.93625498,0.461698918,0.739216394,648,m_smth/lorenz_new.py,Human,file,,,,,,,
0.88159032,0.755555556,0.924050633,0.404685125,0.741470408,267,m_smth/lovasz_loss.py,Human,file,,,,,,,
1,0.08571429,0.902912621,0.679984252,0.66715279,570,m_smth/lr_updater.py,Human,file,,,,,,,
0.760233918,0.811764706,0.938547486,0.539794908,0.762585255,345,m_smth/math.py,Human,file,,,,,,,
0.478170478,0.180952381,0.941176471,0.529490903,0.532447558,220,m_smth/misc_util.py,Human,file,,,,,,,
1,0,0.909090909,0,0.477272727,167,m_smth/MLP_CNF.py,Human,file,,,,,,,
1,0,1,0,0.5,230,m_smth/mobilenet_v3.py,Human,file,,,,,,,
0.990899899,0.08823529,0.904761905,0.466753125,0.61266256,1048,m_smth/model.py,Human,file,,,,,,,
0.600575895,0.06666667,0,0,0.16681064,198,m_smth/modeling_ctx_clip.py,Human,file,,,,,,,
1,0.09210526,0.952380952,0.445948997,0.622608803,731,m_smth/modeling_llama.py,Human,file,,,,,,,
0.629370629,0.08484848,1,0.436258562,0.537619419,927,m_smth/modeling_opt.py,Human,file,,,,,,,
1,0.130769231,1,0.47248776,0.650814248,1788,m_smth/modeling_t5.py,Human,file,,,,,,,
0.964797914,0.455555556,0.906976744,0.539106649,0.71660922,174,m_smth/ModelToPosteriorCNF_LearnedBaseDist.py,Human,file,,,,,,,
0.981047938,0.666666667,0.88372093,0.398450848,0.732471596,218,m_smth/model_env.py,Human,file,,,,,,,
1,0,0.888888889,0,0.472222222,448,m_smth/momentum_updater.py,Human,file,,,,,,,
1,0.323076923,0.985074627,0.297958635,0.651527546,464,m_smth/mpc.py,Human,file,,,,,,,
0.94505495,1,0.901408451,0.377027627,0.805872756,210,m_smth/optflow.py,Human,file,,,,,,,
0.920201294,0.266666667,0.984790875,0.60843328,0.695023029,430,m_smth/optimizer.py,Human,file,,,,,,,
0.637898687,1,0.777777778,0.368599445,0.696068977,82,m_smth/parse.py,Human,file,,,,,,,
1,0.07777778,1,0.264813155,0.585647733,162,m_smth/pendulum_semimarkov.py,Human,file,,,,,,,
1,0.07777778,1,0.258113384,0.583972791,155,m_smth/pendulum_semimarkov_new.py,Human,file,,,,,,,
1,0.07777778,1,0.25196743,0.582436302,225,m_smth/pendulum_trigo.py,Human,file,,,,,,,
0.710059172,0.864705882,0.899497487,0.525531835,0.749948594,344,m_smth/photometric.py,Human,file,,,,,,,
1,0,1,0,0.5,157,m_smth/profiler.py,Human,file,,,,,,,
0.777537797,0.00869565,1,0.408118486,0.548587984,468,m_smth/ptp_utils.py,Human,file,,,,,,,
1,0.08235294,0.72955975,0.610779201,0.605672973,1044,m_smth/Qformer.py,Human,file,,,,,,,
1,0.180392157,0.93006993,0.457303921,0.641941502,744,m_smth/replay_buffer.py,Human,file,,,,,,,
0.221571906,0.672727273,1,0.307540914,0.550460023,388,m_smth/RunExperiments_OOD.py,Human,file,,,,,,,
1,0.155555556,0.945454545,0.557141989,0.664538023,276,m_smth/runner_iter.py,Human,file,,,,,,,
1,0.072,0.790697674,0.441811393,0.576127267,618,m_smth/siglip_vit.py,Human,file,,,,,,,
1,0.072,0.790697674,0.441811393,0.576127267,608,m_smth/siglip_vit_65.py,Human,file,,,,,,,
0.93894644,0.481818182,0.924623116,0.488437968,0.708456426,351,m_smth/simple_gp.py,Human,file,,,,,,,
0.89198036,0.591666667,0.954022989,0.29820435,0.683968591,376,m_smth/SkipMLP_CNF.py,Human,file,,,,,,,
0.87912088,0.5,0.826086957,0.576176822,0.695346164,49,m_smth/sync_bn.py,Human,file,,,,,,,
1,0,1,0,0.5,249,m_smth/sync_bn_88.py,Human,file,,,,,,,
0.703764321,0.388888889,1,0.531981575,0.656158696,93,m_smth/timer.py,Human,file,,,,,,,
1,0.24,1,0.42130819,0.665327047,174,m_smth/tokenizer.py,Human,file,,,,,,,
1,0.588888889,0.985074627,0.363337541,0.734325264,364,m_smth/TrainerCurriculum.py,Human,file,,,,,,,
1,0.6,0.960784314,0.350696151,0.727870116,370,m_smth/TrainerCurriculumCNF.py,Human,file,,,,,,,
1,0.6,0.960784314,0.352854903,0.728409804,303,m_smth/TrainerCurriculumCNFFixedTime.py,Human,file,,,,,,,
0.995475113,1,1,0.42073667,0.854052946,45,m_smth/TrainerCurriculumCNF_LatentFactor.py,Human,file,,,,,,,
1,1,1,0.382180095,0.845545024,44,m_smth/TrainerCurriculumCNF_LearnedBaseDist.py,Human,file,,,,,,,
1,0.65,1,0.345761657,0.748940414,66,m_smth/TrainerCurriculumCNF_LearnedBaseDist_plus_nll.py,Human,file,,,,,,,
1,0.2875,0.901408451,0.453644437,0.660638222,230,m_smth/Transformer.py,Human,file,,,,,,,
0.969643383,0.553846154,0.96296296,0.432042609,0.729623777,524,m_smth/transformer_58.py,Human,file,,,,,,,
0.944639343,0.386956522,0.952941176,0.43973102,0.681067016,894,m_smth/Transformer_CNF.py,Human,file,,,,,,,
0.926385443,0.466666667,0.965217391,0.444360291,0.700657448,464,m_smth/Transformer_CNF_DoubleCondition.py,Human,file,,,,,,,
0.90598291,0.466666667,0.965217391,0.44282167,0.695172158,449,m_smth/Transformer_CNF_DoubleCondition2.py,Human,file,,,,,,,
0.787119857,0.772727273,0.747826087,0.39980859,0.676870452,251,m_smth/Transformer_CNF_LearnedBaseDistribution.py,Human,file,,,,,,,
1,0.415,0.957894737,0.493340138,0.716558719,354,m_smth/Transformer_TabPFN.py,Human,file,,,,,,,
1,0.0625,0.727272727,0,0.447443182,373,m_smth/uniformer.py,Human,file,,,,,,,
1,0.25,1,0.257040218,0.626760054,499,m_smth/utils.py,Human,file,,,,,,,
1,0.695238095,0.975460123,0.442795275,0.778373373,425,m_smth/visualize.py,Human,file,,,,,,,
1,0.047619048,0.842105263,0.272021115,0.540436356,468,m_smth/vit.py,Human,file,,,,,,,
0.588538978,0.121428571,0.742857143,0.466494054,0.479829686,152,m_smth/vit_utils.py,Human,file,,,,,,,
0.74763833,0.06595745,0.895652174,0.544726111,0.563493515,561,m_smth/weight_init.py,Human,file,,,,,,,
1,0.09333333,0.739130435,0.41332756,0.561447832,386,m_smth/wrappers.py,Human,file,,,,,,,
0.851381628,0.375,1,0.381807059,0.652047172,212,m_smth/__init__.py,Human,file,,,,,,,
1,0.03076923,1,0.39412111,0.606222585,1434,m_smth/__main__.py,Human,file,,,,,,,
0.897435897,0.7,0.684210526,0.60919109,0.72270938,36,z_last_stuff/0.py,Human,file,,,,,,,
0.27972028,0.7,1,0.579810262,0.639882635,11,z_last_stuff/0_22.py,Human,file,,,,,,,
0.431034483,0.4,1,0.532876492,0.590977744,258,z_last_stuff/1_proposition_validity.py,Human,file,,,,,,,
1,0.4,0.947368421,0.405196418,0.68814121,831,z_last_stuff/4_verifact_vs_ground_truth_label_distributions.py,Human,file,,,,,,,
1,0.4,0.96296296,0.39110694,0.688517476,314,z_last_stuff/5_verifact_vs_ground_truth_sensitivity_analysis.py,Human,file,,,,,,,
1,0.233333333,1,0.193476737,0.60670252,32,z_last_stuff/active-object_trace_1.py,Human,file,,,,,,,
1,0.233333333,1,0.193476737,0.60670252,35,z_last_stuff/active-object_trace_2.py,Human,file,,,,,,,
1,0.233333333,1,0.193476737,0.60670252,38,z_last_stuff/active-object_trace_3.py,Human,file,,,,,,,
1,0.233333333,1,0.193476737,0.60670252,39,z_last_stuff/active-object_trace_4.py,Human,file,,,,,,,
1,0.233333333,1,0.193476737,0.60670252,41,z_last_stuff/active-object_trace_5.py,Human,file,,,,,,,
1,0.19,0.976744186,0.318639351,0.621345884,305,z_last_stuff/adapters.py,Human,file,,,,,,,
0.926064227,0.575,0.922330097,0.508308056,0.732925595,209,z_last_stuff/antenna.py,Human,file,,,,,,,
0.98828324,0.5625,0.927272727,0.444998927,0.730763724,302,z_last_stuff/array_converter.py,Human,file,,,,,,,
0.300040274,0.2475,0.868686869,0.455757578,0.46799618,766,z_last_stuff/assembly.py,Human,file,,,,,,,
0.537534754,0.241666667,0.995073892,0.560883132,0.58378961,412,z_last_stuff/attack.py,Human,file,,,,,,,
1,0.516666667,1,0.41253455,0.732300304,133,z_last_stuff/auto_model.py,Human,file,,,,,,,
0.995794329,0.270689655,0.951903808,0.47415156,0.673134838,568,z_last_stuff/base.py,Human,file,,,,,,,
1,0.175,1,0.40760839,0.645652097,271,z_last_stuff/BaselineDenseMamba.py,Human,file,,,,,,,
1,0.456097561,0.991341991,0.500736598,0.737044038,571,z_last_stuff/base_points.py,Human,file,,,,,,,
0.658409387,0.48,1,0.347916285,0.621581418,239,z_last_stuff/base_visualizer.py,Human,file,,,,,,,
1,0.161538462,0.914285714,0.4708232,0.636661844,187,z_last_stuff/beam_management_6G.py,Human,file,,,,,,,
0.8234714,0.206896552,0.98989899,0.394728265,0.603748802,604,z_last_stuff/bidirectional_transformer.py,Human,file,,,,,,,
1,0.315,0.949367089,0.225415992,0.62244577,205,z_last_stuff/bleu_scorer.py,Human,file,,,,,,,
0.448717949,0.03333333,1,0.398752749,0.470201008,624,z_last_stuff/bn_inception.py,Human,file,,,,,,,
0.821800236,0.97037037,0.975708502,0.511001573,0.81972017,713,z_last_stuff/box_np_ops.py,Human,file,,,,,,,
1,0.116666667,0.923076923,0.721336722,0.69027008,167,z_last_stuff/braingb.py,Human,file,,,,,,,
1,0.208695652,0.873786408,0.38655501,0.617259268,503,z_last_stuff/braingnn_orig.py,Human,file,,,,,,,
1,0.28,0.8,0.266494922,0.586623731,179,z_last_stuff/capping.py,Human,file,,,,,,,
1,0,1,0,0.5,93,z_last_stuff/cas.py,Human,file,,,,,,,
0.799113168,0.4725,0.905882353,0.415238478,0.6481835,1577,z_last_stuff/cat.py,Human,file,,,,,,,
1,0.25,1,0.414943367,0.666235842,185,z_last_stuff/causal_data_preprocessing.py,Human,file,,,,,,,
0.778774575,0.484615385,0.941176471,0.43679423,0.66034017,805,z_last_stuff/cdb.py,Human,file,,,,,,,
0.65018315,0.35,0.885714286,0.366513371,0.563102702,168,z_last_stuff/cdb_maker.py,Human,file,,,,,,,
1,1,1,0.452149659,0.863037415,108,z_last_stuff/cdb_utils.py,Human,file,,,,,,,
1,0.373333333,1,0.382895544,0.689057219,324,z_last_stuff/cd_diagram.py,Human,file,,,,,,,
1,0.525,1,0.499667267,0.756166817,64,z_last_stuff/cent2path.py,Human,file,,,,,,,
0.81174666,0.807894737,0.974217311,0.517203408,0.77776553,1750,z_last_stuff/centerline.py,Human,file,,,,,,,
1,0.1,1,0.5055871,0.651396775,191,z_last_stuff/cfg_conversion.py,Human,file,,,,,,,
0.92307692,0.666666667,0.953488372,0.391802408,0.733758592,248,z_last_stuff/chamfer_distance.py,Human,file,,,,,,,
0.92692308,0.492307692,0.94312796,0.461326172,0.70592123,402,z_last_stuff/checking.py,Human,file,,,,,,,
0.975199664,0.3375,0.949152542,0.551738799,0.70339775,180,z_last_stuff/checkpoint.py,Human,file,,,,,,,
0.825727944,0.630769231,0.95959596,0.181188495,0.649320407,174,z_last_stuff/cider_scorer.py,Human,file,,,,,,,
1,0.364285714,0.980392157,0.510121991,0.713699966,375,z_last_stuff/ckpt_util.py,Human,file,,,,,,,
0.930030422,0.333333333,0.956521739,0.339142074,0.639756892,175,z_last_stuff/cleaners.py,Human,file,,,,,,,
1,0.160714286,1,0.566416744,0.681782757,903,z_last_stuff/cmdoptions.py,Human,file,,,,,,,
1,0.7,1,0.451135238,0.78778381,93,z_last_stuff/CodeLLMs.py,LLM,file,,,,,,,
1,0.6,1,0.406419729,0.751604932,243,z_last_stuff/CodeLLMsNP.py,LLM,file,,,,,,,
0.325945241,0.29375,0.921568627,0.607696939,0.537240202,118,z_last_stuff/coding.py,Human,file,,,,,,,
0.200668896,0.2,0.571428571,0.346614838,0.329678076,45,z_last_stuff/compat.py,Human,file,,,,,,,
1,0.55,0.936170213,0.565558121,0.762932083,203,z_last_stuff/complex_tracing.py,Human,file,,,,,,,
1,0.26,0.879518072,0.405992832,0.636377726,933,z_last_stuff/compute_metrics.py,Human,file,,,,,,,
1,0.233333333,0.727272727,0.6372329,0.64945974,118,z_last_stuff/Concurrency_Tracer.py,Human,file,,,,,,,
0.912784399,0.278125,0.95473251,0.473945872,0.654896945,559,z_last_stuff/config.py,Human,file,,,,,,,
1,0.25,0.89719626,0.349910494,0.624276689,303,z_last_stuff/configuration.py,Human,file,,,,,,,
1,0.35,1,0.600792885,0.737698221,167,z_last_stuff/configuration_llama.py,Human,file,,,,,,,
1,0.35,1,0.595553398,0.73638835,154,z_last_stuff/configuration_llama_63.py,Human,file,,,,,,,
0.958164642,0.222222222,0.949152542,0.527555615,0.664273755,106,z_last_stuff/config_utils.py,Human,file,,,,,,,
1,0.141176471,0.904761905,0.515716398,0.640413693,428,z_last_stuff/constructors.py,Human,file,,,,,,,
1,0,1,0,0.5,119,z_last_stuff/context_based_linker.py,Human,file,,,,,,,
1,0.675,0.985074627,0.326023499,0.746524532,308,z_last_stuff/continuous_drawer.py,Human,file,,,,,,,
1,0.47,0.97979798,0.49737077,0.736792187,398,z_last_stuff/Crawler.py,Human,file,,,,,,,
0.881057269,0.14,1,0.145322472,0.541594935,231,z_last_stuff/cross_view_hybrid_attention.py,Human,file,,,,,,,
0.945775536,0.7,1,0.323790252,0.74239145,111,z_last_stuff/dataloader.py,Human,file,,,,,,,
0.97588978,0.175,1,0.422314733,0.643301129,129,z_last_stuff/dataloader_57.py,Human,file,,,,,,,
0.71348941,0.7,0.684210526,0.429883142,0.631895769,202,z_last_stuff/datasets.py,Human,file,,,,,,,
1,0.371428571,1,0.540566663,0.72799881,64,z_last_stuff/data_loader.py,Human,file,,,,,,,
0.967032967,0.4,0,0,0.341758242,32,z_last_stuff/data_pipeline.py,Human,file,,,,,,,
0.669156087,0.71,0.943925234,0.383009506,0.676522707,516,z_last_stuff/data_preprocessor.py,Human,file,,,,,,,
0.633484163,0,1,0,0.408371041,433,z_last_stuff/data_utils.py,Human,file,,,,,,,
1,0.285,1,0.184545361,0.61738634,800,z_last_stuff/data_utils_20.py,Human,file,,,,,,,
0.968406593,0.571428571,0.697674419,0.351697743,0.647301832,220,z_last_stuff/data_utils_81.py,Human,file,,,,,,,
0.948957584,0.7,1,0.320691258,0.742412211,200,z_last_stuff/dbscan_pbc.py,Human,file,,,,,,,
0.763925729,0.428571429,0.949152542,0.42873624,0.64259649,144,z_last_stuff/deid.py,Human,file,,,,,,,
0.826335237,0.56,0.957894737,0.474235024,0.704616249,463,z_last_stuff/dense_fusion_occ.py,Human,file,,,,,,,
0.992800303,0.628571429,0.881355932,0.386139274,0.722216734,202,z_last_stuff/det_metric.py,Human,file,,,,,,,
0.485522082,0.2,1,0.307282202,0.498201071,263,z_last_stuff/Diffusion.py,Human,file,,,,,,,
1,0.133333333,1,0.47833693,0.652917566,80,z_last_stuff/direct_url_helpers.py,Human,file,,,,,,,
1,0.2,0.942857143,0.528334177,0.66779783,153,z_last_stuff/download.py,Human,file,,,,,,,
1,0.3,0.841269841,0.389980495,0.632812584,138,z_last_stuff/drop.py,Human,file,,,,,,,
1,0.68,0.985074627,0.421552726,0.771656838,201,z_last_stuff/elastic_search.py,Human,file,,,,,,,
1,0.677777778,0.965517241,0.422232892,0.766381978,396,z_last_stuff/embodiedscan_dataset.py,Human,file,,,,,,,
0.846583584,0.63,0.949494949,0.47811782,0.726049088,359,z_last_stuff/embodied_det3d.py,Human,file,,,,,,,
0.801282051,0.56,0.957894737,0.487920303,0.70177427,432,z_last_stuff/embodied_occ.py,Human,file,,,,,,,
1,0.14,1,0.08010015,0.55502504,250,z_last_stuff/encoder.py,Human,file,,,,,,,
1,0.35,0.948717949,0.258703798,0.639355437,309,z_last_stuff/encoder_45.py,Human,file,,,,,,,
1,0.68,0.903225806,0.555218607,0.7846111,101,z_last_stuff/envsnapshot.py,Human,file,,,,,,,
1,0.15,0,0,0.2875,214,z_last_stuff/evaluate.py,Human,file,,,,,,,
1,0.63,0.985074627,0.453141706,0.767054083,153,z_last_stuff/evaluate_anserini_docT5query_parallel.py,Human,file,,,,,,,
1,0.116666667,1,0.271759748,0.597106604,120,z_last_stuff/evaluation.py,Human,file,,,,,,,
1,0.376923077,0.985915493,0.285344486,0.662045764,345,z_last_stuff/evaluation_68.py,Human,file,,,,,,,
1,0.38,0.873239437,0.528170776,0.695352553,298,z_last_stuff/eval_script_portable.py,Human,file,,,,,,,
1,0.233333333,1,0.280058399,0.628347933,173,z_last_stuff/exact_search_multi_gpu.py,Human,file,,,,,,,
1,0,0.953846154,0,0.488461538,538,z_last_stuff/experimentor.py,Human,file,,,,,,,
1,0.641666667,0.936842105,0.39640237,0.743727785,507,z_last_stuff/experiments.py,Human,file,,,,,,,
1,0.133333333,0.872727273,0.159389822,0.541362607,607,z_last_stuff/exp_neural_mapper.py,Human,file,,,,,,,
1,0.12,0,0,0.28,139,z_last_stuff/exp_stage1.py,Human,file,,,,,,,
0.612244898,0.08888889,0.727272727,0.490825802,0.479808079,693,z_last_stuff/exp_transformer_encoder.py,Human,file,,,,,,,
1,0.076,0.846153846,0.49794168,0.605023882,653,z_last_stuff/factory.py,Human,file,,,,,,,
0.645994832,0.1,1,0.481949717,0.556986137,397,z_last_stuff/factory_13.py,Human,file,,,,,,,
0.93900921,0.83023256,0.96755162,0.334311332,0.767776181,1548,z_last_stuff/fcaf3d_head.py,Human,file,,,,,,,
1,0,1,0,0.5,191,z_last_stuff/FEDformer.py,Human,file,,,,,,,
0.905707196,0.133333333,1,0.517508045,0.639137144,122,z_last_stuff/filesystem.py,Human,file,,,,,,,
1,0,1,0,0.5,224,z_last_stuff/Film.py,Human,file,,,,,,,
0.976283097,0.017142857,0.971428571,0.261886552,0.556685269,1043,z_last_stuff/FLAIR.py,Human,file,,,,,,,
1,0.133333333,1,0.453114957,0.646612072,76,z_last_stuff/flash_attn_patch_for_inference.py,Human,file,,,,,,,
1,0.06666667,1,0.26884523,0.58387797,225,z_last_stuff/freeze.py,Human,file,,,,,,,
0.59033989,0.044444444,1,0.369502962,0.50107182,612,z_last_stuff/gatv2_transformer_encoder.py,Human,file,,,,,,,
0.864886409,0.56,0.957894737,0.474235024,0.714254043,391,z_last_stuff/gaussian_occ.py,Human,file,,,,,,,
0.992031225,0.281481481,0.947826087,0.562792892,0.696032921,400,z_last_stuff/gcn3d.py,Human,file,,,,,,,
1,0.35,1,0.543927282,0.723481821,65,z_last_stuff/generate_trace.py,Human,file,,,,,,,
0.801650457,0.175,0.739130435,0.51778604,0.558391732,262,z_last_stuff/gnn.py,Human,file,,,,,,,
0.882157566,0.505,0.974930362,0.470905595,0.708248381,1650,z_last_stuff/Google_API.py,Human,file,,,,,,,
0.976099618,0.561111111,0.992366412,0.321220063,0.7126993,755,z_last_stuff/grounding_head.py,Human,file,,,,,,,
1,0.425,0.851851852,0.372703657,0.662388877,160,z_last_stuff/grounding_metric.py,Human,file,,,,,,,
0.515784793,0.304761905,0.942857143,0.107838992,0.467810708,348,z_last_stuff/group.py,Human,file,,,,,,,
1,0,0.63157895,0,0.407894737,254,z_last_stuff/group_embed.py,Human,file,,,,,,,
1,0.525,1,0.29828157,0.705820393,212,z_last_stuff/helper.py,Human,file,,,,,,,
1,0.05384615,0.953488372,0.459668338,0.616750716,149,z_last_stuff/hf_model.py,Human,file,,,,,,,
0.907581627,0.766666667,0.985074627,0.503378673,0.790675398,129,z_last_stuff/ima.py,Human,file,,,,,,,
1,0.321428571,0.985074627,0.281342269,0.646961367,443,z_last_stuff/image_cross_attention.py,Human,file,,,,,,,
1,0.74,1,0.47857371,0.804643427,144,z_last_stuff/img_drawer.py,Human,file,,,,,,,
1,0.925,0.971428571,0.378819797,0.818812092,326,z_last_stuff/indoor_eval.py,Human,file,,,,,,,
0.944767442,0.09230769,1,0.428709666,0.6164462,766,z_last_stuff/install.py,Human,file,,,,,,,
0.658550083,0.709090909,0.877862595,0.431302708,0.669201574,272,z_last_stuff/iou3d_calculator.py,Human,file,,,,,,,
1,0,0.885714286,0,0.471428571,123,z_last_stuff/iterators.py,Human,file,,,,,,,
1,0.38,0.859813084,0.480798469,0.680152888,336,z_last_stuff/jailbreak_env.py,Human,file,,,,,,,
1,0.123333333,0.952380952,0.4712274,0.636735421,403,z_last_stuff/kfold.py,Human,file,,,,,,,
1,0,1,0,0.5,99,z_last_stuff/kmeans.py,Human,file,,,,,,,
1,0.355,0.967914439,0.47002048,0.69823373,173,z_last_stuff/lazy_wheel.py,Human,file,,,,,,,
0.988117573,0.4375,0.921568627,0.51505,0.71555905,122,z_last_stuff/line_mesh.py,Human,file,,,,,,,
0.988117573,0.4375,0.921568627,0.51505,0.71555905,122,z_last_stuff/line_mesh_68.py,Human,file,,,,,,,
1,0.130769231,0.909547739,0.430341371,0.617664585,436,z_last_stuff/link.py,Human,file,,,,,,,
1,0.5,0.947368421,0.362170845,0.702384817,254,z_last_stuff/local_aggregation.py,Human,file,,,,,,,
1,0.017948718,1,0.26699829,0.571236752,689,z_last_stuff/lora.py,Human,file,,,,,,,
0.483383686,0,0,0,0.120845921,349,z_last_stuff/loss.py,Human,file,,,,,,,
0.815047022,0.233333333,1,0.51602373,0.64110102,314,z_last_stuff/main.py,Human,file,,,,,,,
0.692122633,0.870526316,0.946697567,0.510291445,0.75490949,2537,z_last_stuff/markovml.py,Human,file,,,,,,,
0.73541843,0.444444444,1,0.393696904,0.643389944,651,z_last_stuff/maskgit.py,Human,file,,,,,,,
0.800275957,0.466666667,0.951807229,0.361679089,0.645107235,220,z_last_stuff/match_cost.py,Human,file,,,,,,,
0.674763833,0.35,1,0.169944212,0.548677011,47,z_last_stuff/maze-solving.py,Human,file,,,,,,,
0.792540793,0.35,1,0.169944212,0.578121251,57,z_last_stuff/maze-solving_trace_1.py,Human,file,,,,,,,
0.792540793,0.35,1,0.169944212,0.578121251,57,z_last_stuff/maze-solving_trace_2.py,Human,file,,,,,,,
0.792540793,0.35,1,0.169944212,0.578121251,57,z_last_stuff/maze-solving_trace_3.py,Human,file,,,,,,,
0.792540793,0.35,1,0.169944212,0.578121251,57,z_last_stuff/maze-solving_trace_4.py,Human,file,,,,,,,
0.792540793,0.35,1,0.169944212,0.578121251,57,z_last_stuff/maze-solving_trace_5.py,Human,file,,,,,,,
1,0.466666667,1,0.30597502,0.69316042,79,z_last_stuff/medcat_annotations.py,Human,file,,,,,,,
0.92804861,0.71176471,0.97037037,0.309893796,0.730019371,558,z_last_stuff/meta_cat.py,Human,file,,,,,,,
0.576923077,0.7,1,0.0559207,0.583210944,103,z_last_stuff/metrics.py,Human,file,,,,,,,
1,0.7,0.765957447,0.510470718,0.744107041,261,z_last_stuff/metrics_11.py,Human,file,,,,,,,
1,0.7,0.765957447,0.501589566,0.741886753,262,z_last_stuff/metrics_17.py,Human,file,,,,,,,
1,0.331034483,0.945945946,0.368984877,0.661491326,249,z_last_stuff/metrics_50.py,Human,file,,,,,,,
1,0.152173913,0.971428571,0.246505691,0.592527044,413,z_last_stuff/metrics_52.py,Human,file,,,,,,,
1,0.11,1,0.207554556,0.579388639,146,z_last_stuff/metrics_70.py,Human,file,,,,,,,
1,0.7,0.765957447,0.510470718,0.744107041,261,z_last_stuff/metrics_81.py,Human,file,,,,,,,
1,0.175,1,0.40760839,0.645652097,449,z_last_stuff/MixtureOfMamba.py,Human,file,,,,,,,
1,0.67,0.941176471,0.411432872,0.755652336,365,z_last_stuff/ml_utils.py,Human,file,,,,,,,
0.845323741,0.02413793,1,0.55952466,0.607246582,547,z_last_stuff/model.py,Human,file,,,,,,,
1,0.07954545,0.8989899,0.53167791,0.627553315,1178,z_last_stuff/modeling_gemma.py,Human,file,,,,,,,
1,0.09333333,0.913043478,0.466733483,0.618277574,1039,z_last_stuff/modeling_llama.py,Human,file,,,,,,,
1,0.08297872,0.95959596,0.49700172,0.634894101,870,z_last_stuff/modeling_llama_92.py,Human,file,,,,,,,
1,0.25,1,0.527421832,0.694355458,181,z_last_stuff/models.py,Human,file,,,,,,,
1,0.7,1,0.306778095,0.751694524,424,z_last_stuff/models_28.py,Human,file,,,,,,,
1,0.7,1,0.306778095,0.751694524,424,z_last_stuff/models_35.py,Human,file,,,,,,,
0.21019678,0.05384615,1,0.484246671,0.437072401,345,z_last_stuff/models_63.py,Human,file,,,,,,,
1,0.65,1,0.324989319,0.74374733,167,z_last_stuff/models_76.py,Human,file,,,,,,,
1,0.7,1,0.307936926,0.751984231,425,z_last_stuff/models_89.py,Human,file,,,,,,,
0.76439284,0.733333333,0.955223881,0.388410866,0.71034023,161,z_last_stuff/models_ext.py,Human,file,,,,,,,
1,0.2,0.777777778,0.409952746,0.59693263,324,z_last_stuff/model_pointMLP.py,Human,file,,,,,,,
0.683760684,0,0.888888889,0,0.393162393,379,z_last_stuff/model_pointNext.py,Human,file,,,,,,,
1,0.208695652,0.953271028,0.33890005,0.625216682,482,z_last_stuff/moderation.py,Human,file,,,,,,,
1,0,0.142857143,0,0.285714286,145,z_last_stuff/modified_resnet.py,Human,file,,,,,,,
0.96069869,0.14,1,0.640618324,0.685329254,229,z_last_stuff/multi_models.py,Human,file,,,,,,,
0.889586604,0.566666667,0.962025316,0.38764028,0.701479718,440,z_last_stuff/mv_3dvg_dataset.py,Human,file,,,,,,,
1,0.00882353,1,0,0.502205882,321,z_last_stuff/neural_mapper.py,Human,file,,,,,,,
0.928016937,0.243478261,0.94652406,0.32040627,0.609606382,428,z_last_stuff/ninjax.py,Human,file,,,,,,,
1,0.07777778,0.96774194,0.540858865,0.646594645,86,z_last_stuff/norm.py,Human,file,,,,,,,
1,0.675,0.903225806,0.327962538,0.726547086,155,z_last_stuff/occupancy_metric.py,Human,file,,,,,,,
1,0.248780488,0.957446809,0.455506374,0.665433418,883,z_last_stuff/package_finder.py,Human,file,,,,,,,
1,0.05833333,1,0.523612738,0.645486518,576,z_last_stuff/parallel_auto_centerline3.py,Human,file,,,,,,,
1,0.05384615,1,0.523612738,0.644364723,613,z_last_stuff/parallel_auto_centerline4.py,Human,file,,,,,,,
0.903846154,0.158823529,1,0.468695904,0.632841397,242,z_last_stuff/parser.py,Human,file,,,,,,,
1,0.09333333,0.526315789,0.598160654,0.554452444,297,z_last_stuff/PatchTST_backbone.py,Human,file,,,,,,,
1,0.466666667,1,0.262198657,0.68221633,75,z_last_stuff/patient_concept_stream.py,Human,file,,,,,,,
1,0.22,1,0.427968539,0.661992135,852,z_last_stuff/peft_model.py,Human,file,,,,,,,
1,0.365625,0.978417266,0.499690496,0.71093319,1007,z_last_stuff/Performance_Analysis.py,Human,file,,,,,,,
0.862068966,0.08461538,0.727272727,0.46307376,0.534257709,434,z_last_stuff/perspective.py,Human,file,,,,,,,
1,0.223529412,0.976744186,0.47940799,0.669920397,249,z_last_stuff/pipe.py,Human,file,,,,,,,
1,0.7,1,0.546882013,0.8117205,131,z_last_stuff/plot_fig8.py,Human,file,,,,,,,
0.87209302,0.07777778,1,0.287344217,0.559303755,167,z_last_stuff/plot_functions.py,Human,file,,,,,,,
0.880713489,0.35,1,0.500150323,0.682715953,154,z_last_stuff/plot_tracing_results.py,Human,file,,,,,,,
0.801864802,0.171428571,0.947368421,0,0.480165449,173,z_last_stuff/pointnet2_modules.py,Human,file,,,,,,,
0.801864802,0.171428571,0.947368421,0,0.480165449,173,z_last_stuff/pointnet2_modules_71.py,Human,file,,,,,,,
1,0.7,0.89719626,0.532843559,0.782509955,254,z_last_stuff/pointops.py,Human,file,,,,,,,
0.964014526,0.592307692,0.985074627,0.255449489,0.699211584,686,z_last_stuff/point_fusion.py,Human,file,,,,,,,
1,0.233333333,1,0.365223706,0.64963926,48,z_last_stuff/postprocessing.py,Human,file,,,,,,,
0.803418803,0.35,1,0.575215027,0.682158458,80,z_last_stuff/pos_embed.py,Human,file,,,,,,,
0.977443609,0.35,1,0.438103497,0.691386777,134,z_last_stuff/pred.py,Human,file,,,,,,,
0.972222222,0.35,1,0.438103497,0.69008143,145,z_last_stuff/pred_eval.py,Human,file,,,,,,,
1,0.116666667,1,0.47168535,0.647088004,94,z_last_stuff/preprocess.py,Human,file,,,,,,,
1,0.315384615,0.888111888,0.497046751,0.67513581,507,z_last_stuff/preprocess_snomed.py,Human,file,,,,,,,
0.979802321,0.2375,1,0,0.55432558,163,z_last_stuff/preprocess_ucr.py,Human,file,,,,,,,
0.97003398,0.542857143,0.924050633,0.340655667,0.694399356,247,z_last_stuff/preprocess_umls.py,Human,file,,,,,,,
1,0.07777778,1,0.642688394,0.68011654,156,z_last_stuff/process_node_feature.py,Human,file,,,,,,,
1,0.175,1,0.458248615,0.658312154,246,z_last_stuff/reconcile.py,Human,file,,,,,,,
1,0.50909091,0.968253968,0.582329765,0.764918661,120,z_last_stuff/registry.py,Human,file,,,,,,,
0.600775194,0.14,1,0.275829807,0.50415125,511,z_last_stuff/rel_cat.py,Human,file,,,,,,,
1,0.8125,0.692307692,0.386836442,0.722911034,537,z_last_stuff/rel_dataset.py,Human,file,,,,,,,
1,0.247619048,0.97560976,0.394186255,0.654353765,452,z_last_stuff/req_file.py,Human,file,,,,,,,
1,0.152631579,0.916167665,0.473527163,0.635581602,834,z_last_stuff/req_install.py,Human,file,,,,,,,
0.95369557,0.430769231,0.890410959,0.347902323,0.655694521,612,z_last_stuff/results.py,Human,file,,,,,,,
1,0.233333333,1,0.491890192,0.681305881,72,z_last_stuff/result_parser.py,Human,file,,,,,,,
1,0.285714286,1,0.38136667,0.666770239,174,z_last_stuff/retriever.py,Human,file,,,,,,,
1,0.14,1,0.613264382,0.688316095,75,z_last_stuff/scrape_tweets.py,Human,file,,,,,,,
1,0.157142857,1,0.45534986,0.65312318,319,z_last_stuff/segearth_segmentor.py,Human,file,,,,,,,
1,0.12,0.777777778,0.367082387,0.566215041,196,z_last_stuff/self_outdated_check.py,Human,file,,,,,,,
0.866425993,0.133333333,0.930232558,0.551016053,0.620251984,281,z_last_stuff/sentence_transformer.py,Human,file,,,,,,,
0.491949911,0.516666667,0.855421687,0.499669135,0.59092685,171,z_last_stuff/serializer.py,Human,file,,,,,,,
1,0.07857143,0.888888889,0.46462971,0.608022507,437,z_last_stuff/session.py,Human,file,,,,,,,
1,0.425,1,0.56462723,0.747406808,98,z_last_stuff/setup.py,Human,file,,,,,,,
0.7657183,0.56,0.957894737,0.470996413,0.68865236,443,z_last_stuff/sliceformer_occ.py,Human,file,,,,,,,
1,0.2,1,0.213171169,0.603292792,226,z_last_stuff/sliding_window_attention.py,Human,file,,,,,,,
1,0.05714286,0.962025316,0.429431021,0.612149799,178,z_last_stuff/sources.py,Human,file,,,,,,,
1,0.2,0.8,0.511550754,0.627887689,127,z_last_stuff/splade.py,Human,file,,,,,,,
0.95791001,0.425,1,0.542772055,0.731420517,104,z_last_stuff/split_data.py,Human,file,,,,,,,
1,0.56,1,0.66434723,0.80608681,47,z_last_stuff/stat_metrics.py,Human,file,,,,,,,
0.917431193,0,0.909090909,0,0.456630525,105,z_last_stuff/Stat_models.py,Human,file,,,,,,,
1,0.155555556,0.888888889,0.552591234,0.64925892,230,z_last_stuff/surroundocc.py,Human,file,,,,,,,
0.444444444,0.116666667,1,0.26585361,0.456741181,225,z_last_stuff/surroundocc_head.py,Human,file,,,,,,,
1,0.104761905,0.976744186,0.476772189,0.63956957,718,z_last_stuff/swin.py,Human,file,,,,,,,
0.36036036,0.175,1,0.37885836,0.47855468,110,z_last_stuff/test.py,Human,file,,,,,,,
0.953591863,0.08333333,0.951807229,0.571492195,0.640056155,110,z_last_stuff/test_entity_linking.py,Human,file,,,,,,,
1,0.04,0.914893617,0.443378821,0.59956811,232,z_last_stuff/test_spacy_compatibility.py,Human,file,,,,,,,
1,0,0.909090909,0,0.477272727,174,z_last_stuff/test_utils.py,Human,file,,,,,,,
0.916781428,0.470588235,0.873786408,0.495599706,0.68918894,401,z_last_stuff/tokenization_llama.py,Human,file,,,,,,,
0.94335464,0.51875,0.932038835,0.493871238,0.722003678,371,z_last_stuff/tokenization_llama_17.py,Human,file,,,,,,,
1,0.14,0.808510638,0.592146516,0.635164289,237,z_last_stuff/tokenization_llama_fast.py,Human,file,,,,,,,
1,0.155172414,1,0.344502285,0.624918675,424,z_last_stuff/tokenizer.py,Human,file,,,,,,,
1,0.0625,1,0.444756031,0.626814008,155,z_last_stuff/tokenizers.py,Human,file,,,,,,,
0.818330606,0.175,0.62962963,0.669668645,0.57315722,91,z_last_stuff/tool_func.py,Human,file,,,,,,,
1,0.14,1,0.294637829,0.608659457,91,z_last_stuff/torch.py,Human,file,,,,,,,
1,0.35,0.869565217,0.148683384,0.59206215,268,z_last_stuff/tpvformer_layer.py,Human,file,,,,,,,
1,0.35,1,0.226112549,0.644028137,167,z_last_stuff/tpv_head.py,Human,file,,,,,,,
0.980692614,0.753846154,0.92771084,0.478311162,0.785140193,498,z_last_stuff/tracing_functions.py,Human,file,,,,,,,
0.447058824,0,1,0,0.361764706,439,z_last_stuff/train.py,Human,file,,,,,,,
1,0.07142857,1,0,0.517857143,1200,z_last_stuff/train_12.py,Human,file,,,,,,,
1,0.08461538,0.956521739,0.433207229,0.61858609,523,z_last_stuff/train_31.py,Human,file,,,,,,,
1,0.171428571,0.887323944,0.485367243,0.63602994,344,z_last_stuff/transform.py,Human,file,,,,,,,
1,0.35,1,0.394892037,0.686223009,106,z_last_stuff/transformer.py,Human,file,,,,,,,
1,0.233333333,1,0,0.558333333,91,z_last_stuff/transformers_ner.py,Human,file,,,,,,,
1,0.166666667,1,0.241837263,0.602125982,114,z_last_stuff/transformers_ner_27.py,Human,file,,,,,,,
1,0.385714286,1,0.29962188,0.671334041,372,z_last_stuff/transformers_ner_71.py,Human,file,,,,,,,
1,0.05652174,0.976744186,0.346134017,0.594849986,886,z_last_stuff/transformer_48.py,Human,file,,,,,,,
1,0,0.742857143,0,0.435714286,287,z_last_stuff/transforms.py,Human,file,,,,,,,
0.680735194,0.36,1,0.62303852,0.665943429,110,z_last_stuff/Translator.py,Human,file,,,,,,,
1,0.122222222,1,0.430868521,0.638272686,174,z_last_stuff/typing_config.py,Human,file,,,,,,,
0.413793103,0.14,1,0.297763646,0.462889187,143,z_last_stuff/uavid.py,Human,file,,,,,,,
1,0.7,0.949152542,0.426726256,0.768969699,90,z_last_stuff/utilities.py,Human,file,,,,,,,
1,0.7,0.949152542,0.42722184,0.769093596,90,z_last_stuff/utilities_17.py,Human,file,,,,,,,
1,0.7,0.949152542,0.426726256,0.768969699,90,z_last_stuff/utilities_44.py,Human,file,,,,,,,
0.865384615,0.5,1,0.556600511,0.730496282,29,z_last_stuff/utility.py,Human,file,,,,,,,
0.904588973,0.292307692,0.905263158,0.525711662,0.656967871,237,z_last_stuff/utils.py,Human,file,,,,,,,
1,0.4,1,0.645120442,0.76128011,76,z_last_stuff/utils_10.py,Human,file,,,,,,,
0.912228797,0.177777778,0.898305085,0.376447491,0.591189788,304,z_last_stuff/Utils_62.py,Human,file,,,,,,,
1,0.42,1,0.430283144,0.712570786,44,z_last_stuff/utils_76.py,Human,file,,,,,,,
1,0.08611111,0.885714286,0.363715276,0.583885168,853,z_last_stuff/utils_77.py,Human,file,,,,,,,
0.94618996,0.5875,1,0.446402419,0.745023095,211,z_last_stuff/vector_context_model.py,Human,file,,,,,,,
1,0.233333333,1,0.464134395,0.674366932,37,z_last_stuff/vid2img_sthv2.py,Human,file,,,,,,,
1,0.1,0,0,0.275,232,z_last_stuff/vis_occ.py,Human,file,,,,,,,
1,0.315384615,0.971428571,0.535287172,0.70552509,209,z_last_stuff/vmtk_functions.py,Human,file,,,,,,,
0.241896468,1,1,0.371229261,0.653281432,158,z_last_stuff/vocab_based_annotator.py,Human,file,,,,,,,
0.813559322,0.03333333,1,0.06255914,0.47736295,294,z_last_stuff/vq.py,Human,file,,,,,,,
1,0.12,0.909090909,0,0.507272727,188,z_last_stuff/vq_vae_encdec.py,Human,file,,,,,,,
1,0.576595745,0.984063745,0.473094631,0.75843853,812,z_last_stuff/vtk_functions.py,Human,file,,,,,,,
1,0.22,1,0.380311623,0.650077906,149,z_last_stuff/_distutils.py,Human,file,,,,,,,
1,0.2875,0.835443038,0.52084502,0.66094701,175,z_last_stuff/_sysconfig.py,Human,file,,,,,,,
1,0.222222222,0.955555556,0.598622429,0.694100052,382,z_last_stuff/__init__.py,Human,file,,,,,,,
1,0.288888889,0.977011494,0.381570748,0.661867783,415,z_last_stuff/__init___64.py,Human,file,,,,,,,
1,0.03111111,1,0.155933261,0.546761093,577,z_last_stuff/yinyang/cp_model.py,Human,file,,,,,,,
1,0.7,1,0.400589749,0.775147437,187,z_last_stuff/yinyang/train2.py,Human,file,,,,,,,
1,0.35,0.909090909,0.454678446,0.67844234,187,z_last_stuff/yinyang/train_autoregressive.py,Human,file,,,,,,,
1,0.35,0.909090909,0.454678446,0.67844234,175,z_last_stuff/yinyang/train_pop_music.py,Human,file,,,,,,,
0.8870346,0.322822252,0.924919654,0.390970423,0.631436732,256374,Project Results,Mixed,project,749,,,,,,
